id,code,description,isi,redeemed
1,PTEHHH327ON69X5,NULL,NULL,f
2,PTE3LOYZPZCJBRS,NULL,NULL,f
3,PTEI5NGVWGCM6KL,NULL,NULL,f
4,PTEA5GLJ9BAAIPV,NULL,NULL,f
5,PTER4RXIDKWMGR3,NULL,NULL,f
6,PTEFZ0EEJJESQYF,NULL,NULL,f
7,PTE7OEZJHO4UZ78,NULL,NULL,f
8,PTEVMYMQA6WEZ8H,NULL,NULL,f
9,PTEGAZW8YNIYOGF,NULL,NULL,f
10,PTEVHZJYXEEZ04S,NULL,NULL,f
11,PTEIPTVHLBPJ589,NULL,NULL,f
12,PTEOL8J83RVG8X3,NULL,NULL,f
13,PTEGO7XBAKHL1HW,NULL,NULL,f
14,PTE2RXZ4W7WLY8P,NULL,NULL,f
15,PTE896HACNY0EZH,NULL,NULL,f
16,PTEXJ3IQJ0COEXN,NULL,NULL,f
17,PTEG8ZBKR6NQ8BE,NULL,NULL,f
18,PTECHN7CG4EWBHN,NULL,NULL,f
19,PTEDF2BWQSJ5PK7,NULL,NULL,f
20,PTE9LDGJZ1OQR7X,NULL,NULL,f
21,PTE6Y9D0GQK3ZQ9,NULL,NULL,f
22,PTEVCH997R7IK8G,NULL,NULL,f
23,PTEFOO491J039IF,NULL,NULL,f
24,PTE7A296BMCDVKE,NULL,NULL,f
25,PTETQX4AJDTNR3M,NULL,NULL,f
26,PTE5AO3X5VN16HU,NULL,NULL,f
27,PTE2CQX3VJ2MZF5,NULL,NULL,f
28,PTEBXBMTB6W6WFM,NULL,NULL,f
29,PTE24VBLJXSYJWO,NULL,NULL,f
30,PTEWXTAD72WBYHB,NULL,NULL,f
31,PTEVDVKQ9QTDXEJ,NULL,NULL,f
32,PTERDM9IXZWU474,NULL,NULL,f
33,PTECQQDV29ONO8F,NULL,NULL,f
34,PTEULOBRJ9AIJEJ,NULL,NULL,f
35,PTE4SVNMFK8JU5S,NULL,NULL,f
36,PTERFFFNBR16RV0,NULL,NULL,f
37,PTEEVI2B1OYDJV1,NULL,NULL,f
38,PTELD8B7TBA2V1W,NULL,NULL,f
39,PTEN7QYF72Q3KEQ,NULL,NULL,f
40,PTEMHWFWJ4258MR,NULL,NULL,f
41,PTEOBCLLFBZ0HAN,NULL,NULL,f
42,PTEBUV2336NR0PC,NULL,NULL,f
43,PTEPM4SCX9SPBZB,NULL,NULL,f
44,PTEMH05LZF5E6NO,NULL,NULL,f
45,PTEP8A62RZUME8X,NULL,NULL,f
46,PTER9OCYJ1GN059,NULL,NULL,f
47,PTEOMZFGIBWWOF3,NULL,NULL,f
48,PTEMT2J4MG5D15B,NULL,NULL,f
49,PTE71IJ7OZDKZ6K,NULL,NULL,f
50,PTEKPDLUU3DBXRZ,NULL,NULL,f
51,PTEOPYQ9EB3VMTJ,NULL,NULL,f
52,PTEKAWHIWEXDFLD,NULL,NULL,f
53,PTE4DU652G80M2W,NULL,NULL,f
54,PTED23G36LYXU4M,NULL,NULL,f
55,PTEHNV4DXGYHJAN,NULL,NULL,f
56,PTEJOJ2TJ247MTC,NULL,NULL,f
57,PTE4VBWYV9TSDIY,NULL,NULL,f
58,PTEG6SJSWVUTKJT,NULL,NULL,f
59,PTENYXJABPA6HKA,NULL,NULL,f
60,PTE0YCLCRJ3E0NB,NULL,NULL,f
61,PTEUB50KZQ7B5LH,NULL,NULL,f
62,PTEBLKCM424E7QT,NULL,NULL,f
63,PTECBD1IPQ7HZRD,NULL,NULL,f
64,PTE36W9IOIN3OIQ,NULL,NULL,f
65,PTE7PAZXVI3EYM2,NULL,NULL,f
66,PTEAWGDGWAOILC7,NULL,NULL,f
67,PTEU72K89CTZDO6,NULL,NULL,f
68,PTE6EAHSS9DPES3,NULL,NULL,f
69,PTEONI90NQ5LPO4,NULL,NULL,f
70,PTEGYAJCRK5FQZ5,NULL,NULL,f
71,PTEZZX0AR39LRZN,NULL,NULL,f
72,PTENY9GNK781DVH,NULL,NULL,f
73,PTE3DFWTWIW1MBJ,NULL,NULL,f
74,PTEFFLNAT2E2RPL,NULL,NULL,f
75,PTEJNFPLYER80E3,NULL,NULL,f
76,PTEFQ0NVGFVIHOQ,NULL,NULL,f
77,PTE4K6QX02Q1WML,NULL,NULL,f
78,PTEOT6HA7ZV1CSQ,NULL,NULL,f
79,PTEBS862NQAEU1L,NULL,NULL,f
80,PTEDX821JHUF6WO,NULL,NULL,f
81,PTELHT0I8TF6HAL,NULL,NULL,f
82,PTESBJ8NVWVRH3D,NULL,NULL,f
83,PTEYZSHN5Z6EYUJ,NULL,NULL,f
84,PTECNMH2N06ZQJL,NULL,NULL,f
85,PTERDHSS1E4X3WR,NULL,NULL,f
86,PTEKBBKXHI3FSRH,NULL,NULL,f
87,PTE9Y232V7EU89Z,NULL,NULL,f
88,PTE45P86M8GI8G0,NULL,NULL,f
89,PTE2OGEYPULKFQP,NULL,NULL,f
90,PTEP1CBB1JAMZMH,NULL,NULL,f
91,PTEAJEQMWNQ2DW8,NULL,NULL,f
92,PTETTLEHMHZ1YFO,NULL,NULL,f
93,PTE7Z894YP5IPRD,NULL,NULL,f
94,PTEHQIZD7XGKKI7,NULL,NULL,f
95,PTESJWTRFTKHFE2,NULL,NULL,f
96,PTENPLHKW9RJVRQ,NULL,NULL,f
97,PTECNIFXPZVMIL9,NULL,NULL,f
98,PTEH1UND7UJ80RU,NULL,NULL,f
99,PTE335FR5R6L3VS,NULL,NULL,f
100,PTEWK3YPOXIPD8S,NULL,NULL,f
